"ProductID","ProductType","ProductionDate","ProductionCost","CountryOfOrigin","QuantityProduced","WarehouseLocation"
"1","Electronics","2023-01-01 00:00:00","15657.75869339","Germany","614","East"
"2","Furniture","2023-01-02 00:00:00","13271.445044957","Germany","513","North"
"3","Electronics","2023-01-03 00:00:00","1370.2707039537","China","524","West"
"4","Electronics","2023-01-04 00:00:00","10795.597868406","India","384","North"
"5","Electronics","2023-01-05 00:00:00","14586.208268704","USA","963","West"
"6","Textiles","2023-01-06 00:00:00","19610.569587887","Japan","753","East"
"7","Machinery","2023-01-07 00:00:00","9506.5147979725","USA","748","North"
"8","Textiles","2023-01-08 00:00:00","5634.0525599994","Japan","731","West"
"9","Textiles","2023-01-09 00:00:00","17471.25321068","India","830","North"
"10","Automobiles","2023-01-10 00:00:00","18558.284787591","China","","South"
"11","Textiles","2023-01-11 00:00:00","9417.0784002933","India","111","North"
"12","Furniture","2023-01-12 00:00:00","18672.594398068","India","746","East"
"13","Machinery","2023-01-13 00:00:00","11675.505449628","Germany","649","West"
"14","Furniture","2023-01-14 00:00:00","19746.337567499","USA","112","West"
"15","Machinery","2023-01-15 00:00:00","5378.8128162462","Japan","371","East"
"16","Electronics","2023-01-16 00:00:00","7119.1062460228","Japan","354","East"
"17","Automobiles","2023-01-17 00:00:00","4931.6906180381","Japan","969","East"
"18","Machinery","2023-01-18 00:00:00","16406.094807644","India","386","West"
"19","Machinery","2023-01-19 00:00:00","","Japan","249","North"
"20","Textiles","2023-01-20 00:00:00","14410.979235244","China","769","South"
"21","Textiles","2023-01-21 00:00:00","1074.7951154641","USA","139","West"
"22","Electronics","2023-01-22 00:00:00","6316.4820494848","Germany","335","North"
"23","Textiles","2023-01-23 00:00:00","11434.130813684","India","743","South"
"24","Automobiles","2023-01-24 00:00:00","16701.008119392","USA","293","South"
"25","Automobiles","2023-01-25 00:00:00","4186.8983682837","India","122","North"
"26","Textiles","2023-01-26 00:00:00","12136.373618765","India","187","East"
"27","Automobiles","2023-01-27 00:00:00","3781.6273084174","USA","579","East"
"28","Electronics","2023-01-28 00:00:00","9161.9359325733","India","520","East"
"29","Furniture","2023-01-29 00:00:00","18340.49311767","Germany","614","West"
"30","Furniture","2023-01-30 00:00:00","7004.490635237","Germany","714","West"
"31","Machinery","2023-01-31 00:00:00","18006.8419772","USA","206","N/A"
"32","Furniture","2023-02-01 00:00:00","2390.9503354463","China","291","East"
"33","Textiles","2023-02-02 00:00:00","1526.4667533502","China","677","West"
"34","Electronics","2023-02-03 00:00:00","15343.400871178","Germany","436","East"
"35","Electronics","2023-02-04 00:00:00","5654.940190659","India","602","East"
"36","Machinery","2023-02-05 00:00:00","9123.6732117061","Germany","349","West"
"37","Furniture","2023-02-06 00:00:00","2072.3469293205","Japan","969","East"
"38","Textiles","2023-02-07 00:00:00","10975.33534238","Germany","642","North"
"39","Machinery","2023-02-08 00:00:00","17038.579985657","China","343","East"
"40","Machinery","2023-02-09 00:00:00","12781.059727121","Japan","268","West"
"41","Automobiles","2023-02-10 00:00:00","14917.003504798","China","777","West"
"42","Textiles","2023-02-11 00:00:00","15419.310530439","Japan","767","South"
"43","Machinery","2023-02-12 00:00:00","11702.023597246","USA","431","West"
"44","Furniture","2023-02-13 00:00:00","3364.4597478468","Japan","656","East"
"45","Textiles","2023-02-14 00:00:00","13718.716747784","Germany","905","West"
"46","Textiles","2023-02-15 00:00:00","14811.263119382","India","996","West"
"47","Textiles","2023-02-16 00:00:00","3749.2751527605","India","833","East"
"48","Electronics","2023-02-17 00:00:00","5742.0817429994","Japan","997","South"
"49","Furniture","2023-02-18 00:00:00","1777.2815460453","India","776","West"
"50","Electronics","2023-02-19 00:00:00","5983.3086090425","USA","","East"
"51","Electronics","2023-02-20 00:00:00","1898.1414438921","USA","308","South"
"52","Machinery","2023-02-21 00:00:00","4367.6823088031","Japan","905","North"
"53","Electronics","2023-02-22 00:00:00","7833.8858959468","Germany","657","South"
"54","Electronics","2023-02-23 00:00:00","6809.7703204517","Germany","944","South"
"55","Furniture","2023-02-24 00:00:00","8426.2649344516","Japan","740","West"
"56","Textiles","2023-02-25 00:00:00","14306.617826786","China","450","West"
"57","Electronics","2023-02-26 00:00:00","14682.412224441","Japan","139","East"
"58","Machinery","2023-02-27 00:00:00","2393.4700395615","Germany","249","East"
"59","Furniture","2023-02-28 00:00:00","10455.014104104","USA","853","West"
"60","Machinery","2023-03-01 00:00:00","18524.730431792","India","293","North"
"61","Textiles","2023-03-02 00:00:00","15743.133022123","Japan","699","West"
"62","Automobiles","2023-03-03 00:00:00","4710.6146726011","Japan","575","North"
"63","Automobiles","2023-03-04 00:00:00","5880.6228136125","India","494","East"
"64","Textiles","2023-03-05 00:00:00","18845.128339721","China","984","South"
"65","Textiles","2023-03-06 00:00:00","17022.295333696","India","149","North"
"66","Textiles","2023-03-07 00:00:00","13226.700298781","Japan","864","West"
"67","Machinery","2023-03-08 00:00:00","8965.7515768178","Japan","900","East"
"68","Electronics","2023-03-09 00:00:00","19887.682049063","USA","202","North"
"69","Textiles","2023-03-10 00:00:00","10348.116999883","USA","","West"
"70","Automobiles","2023-03-11 00:00:00","","India","653","West"
"71","Furniture","2023-03-12 00:00:00","2066.6491285714","Japan","454","West"
"72","Automobiles","2023-03-13 00:00:00","9241.6736525786","China","322","South"
"73","Textiles","2023-03-14 00:00:00","15298.077293582","India","973","East"
"74","Machinery","2023-03-15 00:00:00","5307.0037239011","Germany","299","*^$$"
"75","Machinery","2023-03-16 00:00:00","7850.7936795902","USA","816","West"
"76","Machinery","2023-03-17 00:00:00","13264.915786095","Germany","773","West"
"77","Furniture","2023-03-18 00:00:00","5878.9811101634","Japan","124","West"
"78","Automobiles","2023-03-19 00:00:00","17227.311583063","USA","321","East"
"79","Textiles","2023-03-20 00:00:00","14563.356593686","Japan","380","North"
"80","Furniture","2023-03-21 00:00:00","19750.986555692","USA","372","North"
"81","Textiles","2023-03-22 00:00:00","4529.1597400561","USA","123","East"
"82","Textiles","2023-03-23 00:00:00","8489.2512002012","Germany","","North"
"83","Automobiles","2023-03-24 00:00:00","10048.039611579","Japan","434","East"
"84","Automobiles","2023-03-25 00:00:00","17454.231495237","China","231","East"
"85","Furniture","2023-03-26 00:00:00","17305.276049732","USA","630","West"
"86","Textiles","2023-03-27 00:00:00","14940.187383088","Japan","448","South"
"87","Electronics","2023-03-28 00:00:00","6051.7575621163","Japan","986","East"
"88","Automobiles","2023-03-29 00:00:00","2726.6085446843","Japan","523","North"
"89","Electronics","2023-03-30 00:00:00","10623.933289569","China","762","North"
"90","Electronics","2023-03-31 00:00:00","19969.780843978","China","392","East"
"91","Electronics","2023-04-01 00:00:00","12839.045376713","USA","337","East"
"92","Machinery","2023-04-02 00:00:00","19675.727942786","USA","391","West"
"93","Furniture","2023-04-03 00:00:00","8235.8217715781","USA","921","North"
"94","Furniture","2023-04-04 00:00:00","12133.253292611","USA","","West"
"95","Automobiles","2023-04-05 00:00:00","19616.586118179","India","605","East"
"96","Automobiles","2023-04-06 00:00:00","7009.8106489926","China","669","North"
"97","Furniture","2023-04-07 00:00:00","7026.9520418234","Germany","","South"
"98","Automobiles","2023-04-08 00:00:00","7923.907832632","India","484","South"
"99","Textiles","2023-04-09 00:00:00","2872.2423345711","China","362","East"
"100","Textiles","2023-04-10 00:00:00","","USA","681","North"
"101","Automobiles","2023-04-11 00:00:00","11425.132961877","China","572","East"
"102","Machinery","2023-04-12 00:00:00","2589.1639410729","Germany","934","East"
"103","Textiles","2023-04-13 00:00:00","18970.441223122","China","313","North"
"104","Machinery","2023-04-14 00:00:00","11104.869867085","China","859","North"
"105","Automobiles","2023-04-15 00:00:00","1957.3118256722","USA","259","East"
"106","Automobiles","2023-04-16 00:00:00","5208.440125608","Germany","417","East"
"107","Automobiles","2023-04-17 00:00:00","13433.205321856","USA","913","South"
"108","Automobiles","2023-04-18 00:00:00","3470.8862515157","Japan","234","West"
"109","Automobiles","2023-04-19 00:00:00","18116.404535375","USA","676","West"
"110","Textiles","2023-04-20 00:00:00","14831.894017914","Japan","332","South"
"111","Electronics","2023-04-21 00:00:00","8079.4271382285","Germany","789","West"
"112","Textiles","2023-04-22 00:00:00","10122.519346207","Germany","657","West"
"113","Machinery","2023-04-23 00:00:00","9535.4880694031","India","494","West"
"114","Textiles","2023-04-24 00:00:00","1500.8083909492","India","328","South"
"115","Furniture","2023-04-25 00:00:00","14467.14471982","USA","912","East"
"116","Machinery","2023-04-26 00:00:00","3640.7317589125","China","672","South"
"117","Furniture","2023-04-27 00:00:00","5737.5795321018","China","632","East"
"118","Machinery","2023-04-28 00:00:00","6155.3185913997","Germany","858","North"
"119","Electronics","2023-04-29 00:00:00","16096.977507197","Japan","888","South"
"120","Electronics","2023-04-30 00:00:00","13363.53670539","India","830","West"
"121","Electronics","2023-05-01 00:00:00","19459.635389599","Germany","963","North"
"122","Automobiles","2023-05-02 00:00:00","2701.0146799314","Japan","481","North"
"123","Electronics","2023-05-03 00:00:00","8248.5180315008","India","949","West"
"124","Automobiles","2023-05-04 00:00:00","","Germany","555","North"
"125","Textiles","2023-05-05 00:00:00","5321.3135985582","India","636","West"
"126","Electronics","2023-05-06 00:00:00","10913.175167879","Japan","895","West"
"127","Furniture","2023-05-07 00:00:00","7416.3599530118","India","627","North"
"128","Furniture","2023-05-08 00:00:00","13241.502531023","India","662","East"
"129","Machinery","2023-05-09 00:00:00","9469.9392764631","China","538","South"
"130","Textiles","2023-05-10 00:00:00","13064.316071719","USA","759","West"
"131","Furniture","2023-05-11 00:00:00","15699.665170849","Germany","","East"
"132","Textiles","2023-05-12 00:00:00","4239.5031237248","India","172","South"
"133","Textiles","2023-05-13 00:00:00","19510.167424111","India","482","West"
"134","Automobiles","2023-05-14 00:00:00","4254.3713389026","China","540","East"
"135","Furniture","2023-05-15 00:00:00","5384.1088692598","China","290","North"
"136","Textiles","2023-05-16 00:00:00","18038.279345582","China","784","North"
"137","Machinery","2023-05-17 00:00:00","4672.0554505409","USA","","North"
"138","Textiles","2023-05-18 00:00:00","9542.4055928342","China","154","South"
"139","Textiles","2023-05-19 00:00:00","10367.510491532","Japan","896","East"
"140","Textiles","2023-05-20 00:00:00","12814.266292815","Japan","164","East"
"141","Textiles","2023-05-21 00:00:00","17726.569160205","Germany","749","West"
"142","Furniture","2023-05-22 00:00:00","16985.455710888","USA","656","West"
"143","Electronics","2023-05-23 00:00:00","4860.564335471","Germany","283","East"
"144","Machinery","2023-05-24 00:00:00","6638.0796071098","Germany","722","West"
"145","Furniture","2023-05-25 00:00:00","18562.09891115","USA","450","West"
"146","Automobiles","2023-05-26 00:00:00","7438.4744753391","Japan","874","South"
"147","Textiles","2023-05-27 00:00:00","19060.990552123","Japan","810","North"
"148","Furniture","2023-05-28 00:00:00","8589.1940231631","China","830","West"
"149","Textiles","2023-05-29 00:00:00","9081.177434167","China","726","South"
"150","Machinery","2023-05-30 00:00:00","8311.9479754128","Germany","847","East"
"151","Furniture","2023-05-31 00:00:00","1775.3197488709","USA","956","West"
"152","Electronics","2023-06-01 00:00:00","17137.609636122","Japan","161","N/A"
"153","Textiles","2023-06-02 00:00:00","14636.234980989","Germany","936","North"
"154","Electronics","2023-06-03 00:00:00","14898.054720153","Germany","","West"
"155","Machinery","2023-06-04 00:00:00","11584.43358933","USA","623","West"
"156","Electronics","2023-06-05 00:00:00","4401.6895579365","Germany","542","North"
"157","Machinery","2023-06-06 00:00:00","11977.954976392","India","439","West"
"158","Textiles","2023-06-07 00:00:00","15513.664958365","USA","320","East"
"159","Automobiles","2023-06-08 00:00:00","","USA","","North"
"160","Electronics","2023-06-09 00:00:00","8990.0163930321","Japan","868","South"
"161","Automobiles","2023-06-10 00:00:00","14474.987392456","Japan","196","West"
"162","Automobiles","2023-06-11 00:00:00","9479.2969647359","USA","509","East"
"163","Automobiles","2023-06-12 00:00:00","4819.8801398268","India","432","West"
"164","Machinery","2023-06-13 00:00:00","17565.176601451","India","582","North"
"165","Machinery","2023-06-14 00:00:00","8285.491570978","Japan","669","South"
"166","Textiles","2023-06-15 00:00:00","7544.4687551359","China","951","East"
"167","Textiles","2023-06-16 00:00:00","8402.1783936004","Germany","185","North"
"168","Machinery","2023-06-17 00:00:00","7242.9411135825","Japan","721","South"
"169","Machinery","2023-06-18 00:00:00","4574.3704284763","China","329","West"
"170","Automobiles","2023-06-19 00:00:00","17077.845464887","China","692","West"
"171","Furniture","2023-06-20 00:00:00","16803.995962259","India","932","North"
"172","Textiles","2023-06-21 00:00:00","6747.2842851586","India","377","North"
"173","Machinery","2023-06-22 00:00:00","","Germany","793","South"
"174","Automobiles","2023-06-23 00:00:00","1487.6258341141","China","850","East"
"175","Textiles","2023-06-24 00:00:00","","India","807","East"
"176","Electronics","2023-06-25 00:00:00","18560.720614208","USA","508","East"
"177","Automobiles","2023-06-26 00:00:00","","China","402","East"
"178","Automobiles","2023-06-27 00:00:00","3625.2395660496","USA","596","West"
"179","Textiles","2023-06-28 00:00:00","6426.0766534629","USA","301","North"
"180","Electronics","2023-06-29 00:00:00","13238.225977432","USA","756","N/A"
"181","Furniture","2023-06-30 00:00:00","8007.541230064","India","844","West"
"182","Electronics","2023-07-01 00:00:00","9144.9336137272","India","510","South"
"183","Furniture","2023-07-02 00:00:00","16134.703871073","China","129","South"
"184","Furniture","2023-07-03 00:00:00","8768.9386693223","Japan","606","West"
"185","Machinery","2023-07-04 00:00:00","9658.8955266056","Japan","324","East"
"186","Automobiles","2023-07-05 00:00:00","17558.18286257","China","827","East"
"187","Automobiles","2023-07-06 00:00:00","10915.155772082","Germany","843","West"
"188","Textiles","2023-07-07 00:00:00","15274.21567101","Japan","624","South"
"189","Automobiles","2023-07-08 00:00:00","9577.720135098","India","360","West"
"190","Automobiles","2023-07-09 00:00:00","13689.006675165","USA","757","West"
"191","Textiles","2023-07-10 00:00:00","17313.429731948","Germany","538","West"
"192","Electronics","2023-07-11 00:00:00","","China","369","-999"
"193","Furniture","2023-07-12 00:00:00","1616.5543470302","USA","738","North"
"194","Electronics","2023-07-13 00:00:00","18673.647771941","Japan","886","West"
"195","Automobiles","2023-07-14 00:00:00","6142.3254153328","India","283","South"
"196","Machinery","2023-07-15 00:00:00","10435.84913047","USA","515","South"
"197","Machinery","2023-07-16 00:00:00","11722.428071935","India","435","East"
"198","Electronics","2023-07-17 00:00:00","10761.102438985","India","162","East"
"199","Furniture","2023-07-18 00:00:00","6131.0192872884","China","495","West"
"200","Textiles","2023-07-19 00:00:00","14737.90458298","Japan","266","South"
"201","Electronics","2023-07-20 00:00:00","15939.731509374","USA","280","North"
"202","Textiles","2023-07-21 00:00:00","8246.1014291225","Japan","820","North"
"203","Automobiles","2023-07-22 00:00:00","8656.9450905432","Germany","120","West"
"204","Machinery","2023-07-23 00:00:00","16430.924826695","China","490","East"
"205","Automobiles","2023-07-24 00:00:00","19865.084910351","China","802","North"
"206","Automobiles","2023-07-25 00:00:00","15621.415174618","USA","553","West"
"207","Machinery","2023-07-26 00:00:00","8070.3528152496","Japan","430","North"
"208","Machinery","2023-07-27 00:00:00","12141.554875904","Germany","188","North"
"209","Automobiles","2023-07-28 00:00:00","9823.4274958289","China","200","East"
"210","Textiles","2023-07-29 00:00:00","5359.0467863032","USA","253","West"
"211","Automobiles","2023-07-30 00:00:00","12470.534777409","India","916","South"
"212","Machinery","2023-07-31 00:00:00","19213.214864834","India","239","North"
"213","Textiles","2023-08-01 00:00:00","17374.161207867","Japan","689","North"
"214","Textiles","2023-08-02 00:00:00","8841.6185998452","Germany","","East"
"215","Automobiles","2023-08-03 00:00:00","19502.600397754","India","484","East"
"216","Automobiles","2023-08-04 00:00:00","6048.8227987179","Germany","584","West"
"217","Automobiles","2023-08-05 00:00:00","3017.5952415911","China","835","East"
"218","Textiles","2023-08-06 00:00:00","13928.748398419","Japan","979","North"
"219","Machinery","2023-08-07 00:00:00","4577.2224990649","China","797","*^$$"
"220","Automobiles","2023-08-08 00:00:00","6767.7038831361","Japan","710","South"
"221","Textiles","2023-08-09 00:00:00","2106.9066160666","Japan","713","North"
"222","Automobiles","2023-08-10 00:00:00","8855.2103570005","India","608","North"
"223","Textiles","2023-08-11 00:00:00","13283.216584489","India","193","West"
"224","Textiles","2023-08-12 00:00:00","14867.266701568","Japan","302","South"
"225","Machinery","2023-08-13 00:00:00","7935.4737299491","India","981","North"
"226","Furniture","2023-08-14 00:00:00","17711.479415777","Germany","437","West"
"227","Machinery","2023-08-15 00:00:00","15101.514090003","Germany","877","North"
"228","Electronics","2023-08-16 00:00:00","15737.199955587","USA","485","N/A"
"229","Textiles","2023-08-17 00:00:00","12828.820135296","China","","West"
"230","Furniture","2023-08-18 00:00:00","19457.616559987","China","213","South"
"231","Automobiles","2023-08-19 00:00:00","","China","757","West"
"232","Furniture","2023-08-20 00:00:00","19760.268017384","USA","354","North"
"233","Textiles","2023-08-21 00:00:00","2934.0461140631","Germany","448","South"
"234","Furniture","2023-08-22 00:00:00","3785.5008227237","Germany","217","South"
"235","Automobiles","2023-08-23 00:00:00","9912.8238178039","USA","117","*^$$"
"236","Electronics","2023-08-24 00:00:00","13626.418445658","China","867","South"
"237","Machinery","2023-08-25 00:00:00","","Germany","691","East"
"238","Textiles","2023-08-26 00:00:00","5655.3666140781","China","846","South"
"239","Furniture","2023-08-27 00:00:00","6925.3088920554","China","161","North"
"240","Automobiles","2023-08-28 00:00:00","3432.4173789406","USA","122","North"
"241","Automobiles","2023-08-29 00:00:00","6736.0517112614","Japan","320","West"
"242","Electronics","2023-08-30 00:00:00","7833.3395621953","Germany","845","North"
"243","Machinery","2023-08-31 00:00:00","4488.7647496154","Japan","233","North"
"244","Automobiles","2023-09-01 00:00:00","13066.141750585","India","126","South"
"245","Textiles","2023-09-02 00:00:00","17740.006257578","USA","","South"
"246","Electronics","2023-09-03 00:00:00","19639.9832632","Japan","","West"
"247","Electronics","2023-09-04 00:00:00","3752.5188380541","Japan","219","South"
"248","Furniture","2023-09-05 00:00:00","13991.180290056","USA","718","North"
"249","Textiles","2023-09-06 00:00:00","","India","130","South"
"250","Automobiles","2023-09-07 00:00:00","11205.539313293","USA","983","West"
"251","Furniture","2023-09-08 00:00:00","16953.621755404","India","467","East"
"252","Electronics","2023-09-09 00:00:00","18897.835175206","USA","638","West"
"253","Furniture","2023-09-10 00:00:00","12133.890807122","Japan","657","East"
"254","Furniture","2023-09-11 00:00:00","14807.727091259","China","404","West"
"255","Textiles","2023-09-12 00:00:00","16372.877779938","USA","887","South"
"256","Electronics","2023-09-13 00:00:00","","Germany","639","North"
"257","Electronics","2023-09-14 00:00:00","5938.4807187741","China","220","East"
"258","Furniture","2023-09-15 00:00:00","6612.7641578804","India","136","West"
"259","Automobiles","2023-09-16 00:00:00","9375.4685301153","Germany","395","North"
"260","Furniture","2023-09-17 00:00:00","7521.5678452805","India","828","South"
"261","Textiles","2023-09-18 00:00:00","17649.923741557","India","915","North"
"262","Textiles","2023-09-19 00:00:00","4234.6796326664","India","997","North"
"263","Textiles","2023-09-20 00:00:00","1044.2723832203","Germany","456","South"
"264","Furniture","2023-09-21 00:00:00","16817.219507949","Germany","290","West"
"265","Furniture","2023-09-22 00:00:00","4720.1220451487","Japan","859","North"
"266","Automobiles","2023-09-23 00:00:00","4688.7687007492","USA","450","North"
"267","Electronics","2023-09-24 00:00:00","7865.9160675805","India","792","South"
"268","Furniture","2023-09-25 00:00:00","16094.246342491","Germany","258","South"
"269","Textiles","2023-09-26 00:00:00","6047.9327848055","USA","756","South"
"270","Automobiles","2023-09-27 00:00:00","15174.272600727","India","184","West"
"271","Furniture","2023-09-28 00:00:00","10829.527763754","USA","","South"
"272","Electronics","2023-09-29 00:00:00","","India","166","West"
"273","Electronics","2023-09-30 00:00:00","16678.626508793","Germany","461","South"
"274","Textiles","2023-10-01 00:00:00","12726.175672299","China","308","West"
"275","Machinery","2023-10-02 00:00:00","12329.968525126","Japan","639","North"
"276","Textiles","2023-10-03 00:00:00","14436.361857646","USA","655","East"
"277","Furniture","2023-10-04 00:00:00","6946.8931016032","Germany","514","North"
"278","Automobiles","2023-10-05 00:00:00","14251.023626763","Germany","374","West"
"279","Machinery","2023-10-06 00:00:00","6524.2111479603","China","977","East"
"280","Textiles","2023-10-07 00:00:00","13166.471759672","China","246","West"
"281","Automobiles","2023-10-08 00:00:00","5765.5440903447","Germany","208","West"
"282","Textiles","2023-10-09 00:00:00","13949.59189534","USA","564","West"
"283","Automobiles","2023-10-10 00:00:00","8639.9618204525","India","694","West"
"284","Machinery","2023-10-11 00:00:00","12600.144978947","Germany","398","East"
"285","Textiles","2023-10-12 00:00:00","7313.3157894572","China","409","West"
"286","Furniture","2023-10-13 00:00:00","11394.890677081","China","409","South"
"287","Textiles","2023-10-14 00:00:00","17871.297418308","USA","975","West"
"288","Textiles","2023-10-15 00:00:00","1568.1166724197","Germany","859","West"
"289","Furniture","2023-10-16 00:00:00","","USA","932","North"
"290","Textiles","2023-10-17 00:00:00","6946.3284312977","China","899","East"
"291","Electronics","2023-10-18 00:00:00","13960.481184912","Germany","516","North"
"292","Electronics","2023-10-19 00:00:00","11993.965670453","USA","896","North"
"293","Furniture","2023-10-20 00:00:00","2524.8459579683","USA","925","South"
"294","Textiles","2023-10-21 00:00:00","16343.209193075","Germany","702","South"
"295","Machinery","2023-10-22 00:00:00","6578.706501419","India","848","East"
"296","Furniture","2023-10-23 00:00:00","","China","306","South"
"297","Furniture","2023-10-24 00:00:00","17437.635109154","Germany","166","South"
"298","Furniture","2023-10-25 00:00:00","8261.2869033614","USA","114","West"
"299","Textiles","2023-10-26 00:00:00","10541.545450016","India","326","East"
"300","Automobiles","2023-10-27 00:00:00","7043.6000654359","Japan","300","South"
"301","Textiles","2023-10-28 00:00:00","17379.492881402","Germany","575","East"
"302","Furniture","2023-10-29 00:00:00","4482.430267901","China","928","North"
"303","Textiles","2023-10-30 00:00:00","12926.862620514","India","612","*^$$"
"304","Furniture","2023-10-31 00:00:00","9940.6061800738","USA","177","East"
"305","Textiles","2023-11-01 00:00:00","12885.651382777","USA","533","East"
"306","Automobiles","2023-11-02 00:00:00","12135.005698906","China","178","West"
"307","Automobiles","2023-11-03 00:00:00","","Japan","","North"
"308","Textiles","2023-11-04 00:00:00","1999.5605186629","China","332","West"
"309","Furniture","2023-11-05 00:00:00","1679.3976033845","Germany","749","North"
"310","Textiles","2023-11-06 00:00:00","7911.9142252926","Germany","275","West"
"311","Automobiles","2023-11-07 00:00:00","5966.0126655146","Japan","789","East"
"312","Textiles","2023-11-08 00:00:00","19704.244674898","China","945","South"
"313","Furniture","2023-11-09 00:00:00","14068.257982467","USA","480","East"
"314","Electronics","2023-11-10 00:00:00","8053.0100688375","USA","134","East"
"315","Electronics","2023-11-11 00:00:00","8038.2166708827","India","668","North"
"316","Automobiles","2023-11-12 00:00:00","8020.6709500718","India","646","South"
"317","Machinery","2023-11-13 00:00:00","16174.632172521","Japan","133","East"
"318","Electronics","2023-11-14 00:00:00","10678.178136482","India","464","East"
"319","Textiles","2023-11-15 00:00:00","1722.1225171174","Germany","730","South"
"320","Furniture","2023-11-16 00:00:00","3428.7740895983","USA","713","North"
"321","Electronics","2023-11-17 00:00:00","19337.18933059","Germany","466","West"
"322","Automobiles","2023-11-18 00:00:00","8241.1473072706","USA","889","North"
"323","Machinery","2023-11-19 00:00:00","15623.602647576","Germany","812","North"
"324","Automobiles","2023-11-20 00:00:00","7780.1809121162","China","335","South"
"325","Textiles","2023-11-21 00:00:00","","China","658","South"
"326","Automobiles","2023-11-22 00:00:00","11793.078814882","Japan","911","East"
"327","Machinery","2023-11-23 00:00:00","3678.5553590186","China","992","West"
"328","Electronics","2023-11-24 00:00:00","4397.3887313331","Japan","649","East"
"329","Machinery","2023-11-25 00:00:00","4369.7454002013","Japan","361","West"
"330","Electronics","2023-11-26 00:00:00","17843.782632374","India","938","West"
"331","Automobiles","2023-11-27 00:00:00","5858.0622263642","Japan","345","North"
"332","Electronics","2023-11-28 00:00:00","18326.445669203","India","129","West"
"333","Electronics","2023-11-29 00:00:00","14679.085145939","India","664","East"
"334","Automobiles","2023-11-30 00:00:00","13283.654896508","China","737","South"
"335","Electronics","2023-12-01 00:00:00","14168.213898661","India","158","North"
"336","Furniture","2023-12-02 00:00:00","","USA","177","North"
"337","Electronics","2023-12-03 00:00:00","4726.9402368574","India","676","West"
"338","Furniture","2023-12-04 00:00:00","15286.129117681","Japan","585","North"
"339","Textiles","2023-12-05 00:00:00","16693.632335126","Germany","705","South"
"340","Textiles","2023-12-06 00:00:00","12134.993815563","India","132","East"
"341","Furniture","2023-12-07 00:00:00","8046.8698362772","India","459","West"
"342","Machinery","2023-12-08 00:00:00","17617.201520999","China","414","West"
"343","Automobiles","2023-12-09 00:00:00","10413.174153611","Germany","900","South"
"344","Electronics","2023-12-10 00:00:00","16621.466856645","USA","115","East"
"345","Machinery","2023-12-11 00:00:00","14661.695143502","India","402","South"
"346","Automobiles","2023-12-12 00:00:00","16120.141308007","Japan","","North"
"347","Furniture","2023-12-13 00:00:00","8697.6214353976","USA","593","West"
"348","Textiles","2023-12-14 00:00:00","1728.180229404","Germany","438","East"
"349","Automobiles","2023-12-15 00:00:00","3512.6209391351","Japan","936","West"
"350","Electronics","2023-12-16 00:00:00","3457.8223832547","Germany","308","South"
"351","Textiles","2023-12-17 00:00:00","4506.5110051881","Japan","953","East"
"352","Electronics","2023-12-18 00:00:00","15145.89806088","Germany","584","North"
"353","Automobiles","2023-12-19 00:00:00","14620.127737235","USA","584","South"
"354","Textiles","2023-12-20 00:00:00","10934.949897495","India","406","South"
"355","Furniture","2023-12-21 00:00:00","2004.703986825","Germany","730","West"
"356","Textiles","2023-12-22 00:00:00","7810.6453814615","China","759","East"
"357","Automobiles","2023-12-23 00:00:00","4766.057136373","India","724","West"
"358","Furniture","2023-12-24 00:00:00","6140.247682071","China","875","South"
"359","Textiles","2023-12-25 00:00:00","7541.8701566448","USA","694","West"
"360","Automobiles","2023-12-26 00:00:00","18260.844917606","USA","210","East"
"361","Automobiles","2023-12-27 00:00:00","2822.2720653683","India","612","East"
"362","Automobiles","2023-12-28 00:00:00","13803.63579141","Germany","800","East"
"363","Machinery","2023-12-29 00:00:00","11004.062149133","China","160","South"
"364","Automobiles","2023-12-30 00:00:00","6446.4548392314","Japan","350","East"
"365","Furniture","2023-12-31 00:00:00","14587.953674168","China","115","South"
"366","Furniture","2024-01-01 00:00:00","6909.2099136611","China","232","East"
"367","Electronics","2024-01-02 00:00:00","17456.648043668","Germany","103","South"
"368","Textiles","2024-01-03 00:00:00","8226.2843619324","India","310","South"
"369","Automobiles","2024-01-04 00:00:00","4404.6911442359","USA","900","North"
"370","Automobiles","2024-01-05 00:00:00","8157.6517461555","Japan","224","West"
"371","Textiles","2024-01-06 00:00:00","16357.684992961","China","","South"
"372","Electronics","2024-01-07 00:00:00","14052.769088405","China","881","West"
"373","Furniture","2024-01-08 00:00:00","18953.196400057","Japan","879","South"
"374","Machinery","2024-01-09 00:00:00","3557.893285577","Japan","894","East"
"375","Electronics","2024-01-10 00:00:00","19011.053808268","India","528","West"
"376","Textiles","2024-01-11 00:00:00","1283.4474666358","Japan","782","West"
"377","Furniture","2024-01-12 00:00:00","19566.643070513","Germany","339","North"
"378","Electronics","2024-01-13 00:00:00","17260.251503272","China","959","West"
"379","Machinery","2024-01-14 00:00:00","11958.728727693","India","689","West"
"380","Textiles","2024-01-15 00:00:00","16145.748048409","India","194","-999"
"381","Furniture","2024-01-16 00:00:00","11423.121296643","India","418","East"
"382","Automobiles","2024-01-17 00:00:00","14965.50330938","Germany","","East"
"383","Electronics","2024-01-18 00:00:00","4030.865005766","USA","402","East"
"384","Electronics","2024-01-19 00:00:00","10845.147008074","India","416","South"
"385","Automobiles","2024-01-20 00:00:00","14044.23325403","China","465","West"
"386","Automobiles","2024-01-21 00:00:00","15615.074350119","Japan","855","South"
"387","Furniture","2024-01-22 00:00:00","19050.833016094","Japan","946","South"
"388","Automobiles","2024-01-23 00:00:00","4315.7397538821","Japan","799","North"
"389","Machinery","2024-01-24 00:00:00","12391.35443539","USA","930","East"
"390","Textiles","2024-01-25 00:00:00","17704.252030123","Germany","572","West"
"391","Machinery","2024-01-26 00:00:00","14834.097948374","Japan","654","North"
"392","Electronics","2024-01-27 00:00:00","5119.308495561","Japan","391","South"
"393","Automobiles","2024-01-28 00:00:00","11612.93499069","USA","815","South"
"394","Furniture","2024-01-29 00:00:00","8267.5847141383","India","535","West"
"395","Electronics","2024-01-30 00:00:00","6896.6585227159","China","","West"
"396","Electronics","2024-01-31 00:00:00","19233.200579948","Germany","","North"
"397","Automobiles","2024-02-01 00:00:00","12677.14668231","Japan","141","South"
"398","Electronics","2024-02-02 00:00:00","","Japan","231","East"
"399","Automobiles","2024-02-03 00:00:00","12353.401493519","China","278","East"
"400","Textiles","2024-02-04 00:00:00","8333.2673011879","USA","440","North"
"401","Automobiles","2024-02-05 00:00:00","18886.612316083","Japan","328","East"
"402","Textiles","2024-02-06 00:00:00","2253.7598941525","China","336","South"
"403","Automobiles","2024-02-07 00:00:00","1548.7965140382","China","380","West"
"404","Furniture","2024-02-08 00:00:00","1148.8609037458","USA","","South"
"405","Electronics","2024-02-09 00:00:00","13281.083251532","USA","676","West"
"406","Automobiles","2024-02-10 00:00:00","17521.800667681","Japan","418","West"
"407","Furniture","2024-02-11 00:00:00","7093.8448815272","Japan","239","West"
"408","Textiles","2024-02-12 00:00:00","14064.904762511","Germany","839","South"
"409","Electronics","2024-02-13 00:00:00","19668.867290314","India","855","North"
"410","Electronics","2024-02-14 00:00:00","6487.5534142374","Germany","318","South"
"411","Automobiles","2024-02-15 00:00:00","10074.472974643","USA","627","West"
"412","Electronics","2024-02-16 00:00:00","4405.0285195819","India","164","North"
"413","Automobiles","2024-02-17 00:00:00","17326.328943971","India","738","South"
"414","Textiles","2024-02-18 00:00:00","18251.052483442","Japan","736","West"
"415","Furniture","2024-02-19 00:00:00","12629.241332579","Germany","","South"
"416","Automobiles","2024-02-20 00:00:00","13988.906375829","Japan","375","West"
"417","Furniture","2024-02-21 00:00:00","12686.059577204","Japan","758","South"
"418","Electronics","2024-02-22 00:00:00","13797.457378676","India","412","North"
"419","Machinery","2024-02-23 00:00:00","","Germany","102","West"
"420","Electronics","2024-02-24 00:00:00","10919.450772796","Germany","247","West"
"421","Machinery","2024-02-25 00:00:00","10556.243963494","China","164","South"
"422","Electronics","2024-02-26 00:00:00","5720.6069128698","China","653","South"
"423","Furniture","2024-02-27 00:00:00","5655.7878482108","Germany","743","East"
"424","Automobiles","2024-02-28 00:00:00","15122.735932266","USA","502","East"
"425","Furniture","2024-02-29 00:00:00","8011.1649201558","Germany","","East"
"426","Furniture","2024-03-01 00:00:00","12472.952773663","China","822","South"
"427","Furniture","2024-03-02 00:00:00","9647.0589581537","USA","749","South"
"428","Electronics","2024-03-03 00:00:00","10142.392020816","Japan","389","East"
"429","Machinery","2024-03-04 00:00:00","14505.832570322","Germany","827","East"
"430","Electronics","2024-03-05 00:00:00","10107.624556121","Germany","244","South"
"431","Electronics","2024-03-06 00:00:00","15083.835128134","India","929","East"
"432","Furniture","2024-03-07 00:00:00","18372.921919567","India","326","North"
"433","Furniture","2024-03-08 00:00:00","1141.8555611919","Germany","276","-999"
"434","Furniture","2024-03-09 00:00:00","2922.5151039055","USA","974","East"
"435","Furniture","2024-03-10 00:00:00","10134.334051334","Germany","175","West"
"436","Automobiles","2024-03-11 00:00:00","9867.5404540286","China","883","South"
"437","Textiles","2024-03-12 00:00:00","12515.55859861","USA","627","North"
"438","Furniture","2024-03-13 00:00:00","8744.9992602709","USA","975","West"
"439","Electronics","2024-03-14 00:00:00","16615.897045845","India","979","West"
"440","Machinery","2024-03-15 00:00:00","2379.8388494665","China","198","East"
"441","Furniture","2024-03-16 00:00:00","17603.627243076","USA","505","East"
"442","Machinery","2024-03-17 00:00:00","16842.697093375","India","709","North"
"443","Machinery","2024-03-18 00:00:00","13644.581321576","USA","313","South"
"444","Textiles","2024-03-19 00:00:00","6902.6082890691","India","942","South"
"445","Automobiles","2024-03-20 00:00:00","2623.137843788","India","981","South"
"446","Electronics","2024-03-21 00:00:00","12812.892417875","China","122","East"
"447","Furniture","2024-03-22 00:00:00","4712.4420464395","China","695","South"
"448","Automobiles","2024-03-23 00:00:00","9954.6525855778","China","662","East"
"449","Machinery","2024-03-24 00:00:00","12253.096983601","Germany","797","West"
"450","Textiles","2024-03-25 00:00:00","2942.9086356997","USA","177","West"
"451","Furniture","2024-03-26 00:00:00","","Germany","497","North"
"452","Electronics","2024-03-27 00:00:00","6145.277124139","USA","257","East"
"453","Furniture","2024-03-28 00:00:00","1242.4406778284","Germany","248","South"
"454","Textiles","2024-03-29 00:00:00","","India","437","East"
"455","Textiles","2024-03-30 00:00:00","1701.0381449969","USA","895","North"
"456","Electronics","2024-03-31 00:00:00","11188.271812983","Japan","214","East"
"457","Electronics","2024-04-01 00:00:00","","USA","418","West"
"458","Electronics","2024-04-02 00:00:00","5947.2807655813","Japan","809","East"
"459","Automobiles","2024-04-03 00:00:00","18151.726199932","India","898","North"
"460","Machinery","2024-04-04 00:00:00","7538.9007828885","Japan","932","North"
"461","Automobiles","2024-04-05 00:00:00","11153.816700157","USA","272","West"
"462","Furniture","2024-04-06 00:00:00","15034.65905015","India","748","South"
"463","Electronics","2024-04-07 00:00:00","9658.8225779019","Japan","349","North"
"464","Furniture","2024-04-08 00:00:00","13687.936100875","China","345","North"
"465","Machinery","2024-04-09 00:00:00","7821.7612182601","Japan","878","North"
"466","Automobiles","2024-04-10 00:00:00","3432.8053917341","Germany","741","East"
"467","Electronics","2024-04-11 00:00:00","1927.8761716253","Japan","329","North"
"468","Textiles","2024-04-12 00:00:00","5984.6295260726","USA","449","North"
"469","Textiles","2024-04-13 00:00:00","11649.386403331","Germany","663","East"
"470","Textiles","2024-04-14 00:00:00","2738.3466438121","China","122","West"
"471","Furniture","2024-04-15 00:00:00","8984.4070823247","Japan","354","East"
"472","Furniture","2024-04-16 00:00:00","15409.364290237","Japan","569","West"
"473","Machinery","2024-04-17 00:00:00","5814.0731906089","China","131","East"
"474","Automobiles","2024-04-18 00:00:00","14376.56428686","India","204","North"
"475","Automobiles","2024-04-19 00:00:00","14647.722814069","Germany","","South"
"476","Machinery","2024-04-20 00:00:00","5408.6734770528","India","852","East"
"477","Machinery","2024-04-21 00:00:00","18560.611032074","Japan","242","West"
"478","Automobiles","2024-04-22 00:00:00","5254.8081414804","USA","729","North"
"479","Furniture","2024-04-23 00:00:00","13356.129671095","India","615","North"
"480","Electronics","2024-04-24 00:00:00","16586.170094969","USA","370","North"
"481","Textiles","2024-04-25 00:00:00","6547.4875012431","China","108","South"
"482","Furniture","2024-04-26 00:00:00","10424.063894027","Germany","896","West"
"483","Textiles","2024-04-27 00:00:00","12200.485177973","India","961","East"
"484","Textiles","2024-04-28 00:00:00","","China","599","North"
"485","Textiles","2024-04-29 00:00:00","2957.7581467746","China","548","East"
"486","Electronics","2024-04-30 00:00:00","1352.1948994922","Germany","799","North"
"487","Textiles","2024-05-01 00:00:00","19451.535796661","Japan","581","South"
"488","Automobiles","2024-05-02 00:00:00","3493.1912899893","Japan","396","South"
"489","Machinery","2024-05-03 00:00:00","16882.250132818","China","501","East"
"490","Textiles","2024-05-04 00:00:00","","Japan","703","South"
"491","Automobiles","2024-05-05 00:00:00","5277.8547753987","Germany","581","South"
"492","Automobiles","2024-05-06 00:00:00","15850.916475041","Germany","398","South"
"493","Machinery","2024-05-07 00:00:00","10654.899519704","USA","731","West"
"494","Machinery","2024-05-08 00:00:00","19289.655077055","USA","","North"
"495","Automobiles","2024-05-09 00:00:00","15485.004204982","Japan","374","North"
"496","Electronics","2024-05-10 00:00:00","1322.9434326679","China","844","North"
"497","Textiles","2024-05-11 00:00:00","15666.842761754","Japan","513","North"
"498","Machinery","2024-05-12 00:00:00","9906.9499132068","India","565","East"
"499","Machinery","2024-05-13 00:00:00","7246.8327693482","China","167","West"
"500","Textiles","2024-05-14 00:00:00","4121.895472351","China","340","West"
"501","Machinery","2024-05-15 00:00:00","","USA","765","South"
"502","Electronics","2024-05-16 00:00:00","8661.893087048","USA","757","North"
"503","Automobiles","2024-05-17 00:00:00","19353.709964921","USA","383","East"
"504","Electronics","2024-05-18 00:00:00","8848.8308687792","USA","596","South"
"505","Machinery","2024-05-19 00:00:00","2670.9758359235","China","458","South"
"506","Electronics","2024-05-20 00:00:00","3446.2206449524","USA","927","East"
"507","Furniture","2024-05-21 00:00:00","3049.8718712637","China","640","West"
"508","Automobiles","2024-05-22 00:00:00","12917.065036007","Germany","141","East"
"509","Furniture","2024-05-23 00:00:00","11380.450008599","India","111","West"
"510","Automobiles","2024-05-24 00:00:00","9235.2575997366","India","511","East"
"511","Textiles","2024-05-25 00:00:00","14280.215980658","Japan","769","South"
"512","Furniture","2024-05-26 00:00:00","6358.0235556073","China","576","East"
"513","Automobiles","2024-05-27 00:00:00","11431.525756557","China","177","North"
"514","Automobiles","2024-05-28 00:00:00","16451.061742709","China","830","West"
"515","Electronics","2024-05-29 00:00:00","5496.2146897517","Germany","929","South"
"516","Automobiles","2024-05-30 00:00:00","12578.03712553","Japan","926","West"
"517","Textiles","2024-05-31 00:00:00","","India","382","South"
"518","Automobiles","2024-06-01 00:00:00","10058.482981802","India","858","South"
"519","Automobiles","2024-06-02 00:00:00","14703.689850328","Japan","154","West"
"520","Automobiles","2024-06-03 00:00:00","2575.9459864251","Germany","369","East"
"521","Textiles","2024-06-04 00:00:00","7111.9392354643","Japan","806","North"
"522","Electronics","2024-06-05 00:00:00","1888.9494291486","India","833","West"
"523","Machinery","2024-06-06 00:00:00","7436.2166526051","Japan","944","South"
"524","Automobiles","2024-06-07 00:00:00","3269.4096423003","Germany","719","West"
"525","Electronics","2024-06-08 00:00:00","2062.2543663697","Germany","433","North"
"526","Electronics","2024-06-09 00:00:00","","India","","North"
"527","Automobiles","2024-06-10 00:00:00","1502.5387393047","Japan","284","East"
"528","Furniture","2024-06-11 00:00:00","10352.384163998","Germany","761","North"
"529","Textiles","2024-06-12 00:00:00","6008.1266582879","Germany","575","North"
"530","Electronics","2024-06-13 00:00:00","","China","","East"
"531","Electronics","2024-06-14 00:00:00","6225.5288137807","Germany","306","North"
"532","Furniture","2024-06-15 00:00:00","9814.2394748687","USA","534","East"
"533","Furniture","2024-06-16 00:00:00","17418.856334966","Germany","263","East"
"534","Electronics","2024-06-17 00:00:00","10090.436750487","China","679","West"
"535","Textiles","2024-06-18 00:00:00","1936.9222532555","Germany","963","East"
"536","Electronics","2024-06-19 00:00:00","16540.72962881","China","248","East"
"537","Furniture","2024-06-20 00:00:00","17033.513432196","Germany","115","East"
"538","Furniture","2024-06-21 00:00:00","6500.1390595673","Japan","396","East"
"539","Furniture","2024-06-22 00:00:00","15606.356860779","Japan","859","South"
"540","Automobiles","2024-06-23 00:00:00","","Japan","642","East"
"541","Electronics","2024-06-24 00:00:00","19562.958676576","Germany","185","East"
"542","Textiles","2024-06-25 00:00:00","14802.409580278","USA","995","East"
"543","Machinery","2024-06-26 00:00:00","5678.8168150211","USA","736","West"
"544","Textiles","2024-06-27 00:00:00","13726.494870774","USA","128","North"
"545","Machinery","2024-06-28 00:00:00","1323.0645580644","Japan","479","West"
"546","Furniture","2024-06-29 00:00:00","14640.638178431","India","660","East"
"547","Automobiles","2024-06-30 00:00:00","15003.059005751","India","373","North"
"548","Machinery","2024-07-01 00:00:00","2563.7420112534","India","665","East"
"549","Textiles","2024-07-02 00:00:00","5929.4265767539","Japan","318","North"
"550","Automobiles","2024-07-03 00:00:00","3840.904826939","Germany","","East"
"551","Textiles","2024-07-04 00:00:00","9981.6417853289","USA","","East"
"552","Automobiles","2024-07-05 00:00:00","16020.330633295","USA","","West"
"553","Furniture","2024-07-06 00:00:00","4616.5640912483","Japan","473","South"
"554","Automobiles","2024-07-07 00:00:00","18198.354049936","India","633","North"
"555","Automobiles","2024-07-08 00:00:00","3727.6406320017","India","449","West"
"556","Electronics","2024-07-09 00:00:00","12211.316382797","India","305","East"
"557","Electronics","2024-07-10 00:00:00","3319.4184617341","China","795","North"
"558","Furniture","2024-07-11 00:00:00","2072.554924633","Germany","893","East"
"559","Furniture","2024-07-12 00:00:00","8976.7966275911","Japan","169","East"
"560","Textiles","2024-07-13 00:00:00","2593.0417177231","China","180","West"
"561","Furniture","2024-07-14 00:00:00","18836.417709911","USA","331","South"
"562","Electronics","2024-07-15 00:00:00","15239.681784976","Germany","846","East"
"563","Furniture","2024-07-16 00:00:00","8992.6806166725","India","183","West"
"564","Machinery","2024-07-17 00:00:00","16744.935861633","Japan","982","South"
"565","Automobiles","2024-07-18 00:00:00","15120.855939936","Germany","276","South"
"566","Automobiles","2024-07-19 00:00:00","13696.743149131","Germany","254","East"
"567","Electronics","2024-07-20 00:00:00","9842.1536744082","USA","876","South"
"568","Furniture","2024-07-21 00:00:00","15162.755981259","USA","132","West"
"569","Electronics","2024-07-22 00:00:00","5390.7873626999","Japan","402","South"
"570","Automobiles","2024-07-23 00:00:00","6177.9341327961","Japan","290","West"
"571","Electronics","2024-07-24 00:00:00","16760.565714939","Japan","969","East"
"572","Machinery","2024-07-25 00:00:00","5287.5647969713","China","","South"
"573","Furniture","2024-07-26 00:00:00","15369.683354915","Germany","706","South"
"574","Machinery","2024-07-27 00:00:00","6737.9605098882","India","551","West"
"575","Electronics","2024-07-28 00:00:00","6616.7042241584","China","872","North"
"576","Machinery","2024-07-29 00:00:00","10536.733005094","China","892","East"
"577","Electronics","2024-07-30 00:00:00","3691.9923325448","India","469","South"
"578","Electronics","2024-07-31 00:00:00","10713.80022771","Germany","415","North"
"579","Automobiles","2024-08-01 00:00:00","19716.367199376","China","786","East"
"580","Machinery","2024-08-02 00:00:00","7071.014808297","Japan","311","South"
"581","Textiles","2024-08-03 00:00:00","9843.2651616789","Japan","135","East"
"582","Electronics","2024-08-04 00:00:00","4571.8318970623","India","663","East"
"583","Automobiles","2024-08-05 00:00:00","14464.298934949","India","","North"
"584","Automobiles","2024-08-06 00:00:00","17982.200379463","Japan","804","West"
"585","Automobiles","2024-08-07 00:00:00","3211.1730485799","USA","810","South"
"586","Furniture","2024-08-08 00:00:00","12370.044278212","China","246","West"
"587","Textiles","2024-08-09 00:00:00","10591.861993111","USA","767","East"
"588","Furniture","2024-08-10 00:00:00","19504.42172485","China","851","West"
"589","Automobiles","2024-08-11 00:00:00","19010.43240583","China","438","North"
"590","Electronics","2024-08-12 00:00:00","2792.3943149238","Germany","136","West"
"591","Furniture","2024-08-13 00:00:00","15015.837903073","Germany","513","South"
"592","Automobiles","2024-08-14 00:00:00","10934.12809026","Germany","979","West"
"593","Machinery","2024-08-15 00:00:00","16205.938459343","Japan","796","West"
"594","Textiles","2024-08-16 00:00:00","12920.654534383","China","310","East"
"595","Machinery","2024-08-17 00:00:00","17711.510622682","China","181","East"
"596","Automobiles","2024-08-18 00:00:00","16385.288016498","Germany","796","West"
"597","Furniture","2024-08-19 00:00:00","5806.9197385792","India","677","North"
"598","Automobiles","2024-08-20 00:00:00","8107.1321634848","Japan","799","East"
"599","Textiles","2024-08-21 00:00:00","19729.012842483","USA","998","North"
"600","Automobiles","2024-08-22 00:00:00","17879.892192954","Japan","601","West"
"601","Automobiles","2024-08-23 00:00:00","1745.7223350378","Japan","","West"
"602","Electronics","2024-08-24 00:00:00","19909.817303982","USA","378","North"
"603","Textiles","2024-08-25 00:00:00","18670.774343933","China","","East"
"604","Electronics","2024-08-26 00:00:00","9785.772233325","India","227","South"
"605","Furniture","2024-08-27 00:00:00","13180.139194684","India","702","East"
"606","Machinery","2024-08-28 00:00:00","","China","982","South"
"607","Textiles","2024-08-29 00:00:00","7205.6023506869","USA","175","North"
"608","Automobiles","2024-08-30 00:00:00","19604.134731388","USA","329","West"
"609","Automobiles","2024-08-31 00:00:00","","Japan","","North"
"610","Automobiles","2024-09-01 00:00:00","17422.849003676","Japan","528","West"
"611","Automobiles","2024-09-02 00:00:00","17253.630467103","China","223","East"
"612","Electronics","2024-09-03 00:00:00","2517.284143013","China","383","South"
"613","Electronics","2024-09-04 00:00:00","4703.8076394826","Germany","736","East"
"614","Furniture","2024-09-05 00:00:00","4607.8703087566","India","612","North"
"615","Automobiles","2024-09-06 00:00:00","3374.9491887455","Germany","171","West"
"616","Textiles","2024-09-07 00:00:00","10880.196189536","India","777","South"
"617","Electronics","2024-09-08 00:00:00","6453.9043992924","USA","508","East"
"618","Machinery","2024-09-09 00:00:00","16126.516118373","India","225","South"
"619","Electronics","2024-09-10 00:00:00","13114.839142641","India","956","West"
"620","Electronics","2024-09-11 00:00:00","4201.3360570728","Germany","763","North"
"621","Textiles","2024-09-12 00:00:00","5541.3114031437","India","717","East"
"622","Machinery","2024-09-13 00:00:00","9257.3481625436","USA","805","East"
"623","Furniture","2024-09-14 00:00:00","6811.558493472","China","600","West"
"624","Electronics","2024-09-15 00:00:00","4141.0889111967","Japan","491","East"
"625","Machinery","2024-09-16 00:00:00","11854.554074946","Germany","","South"
"626","Electronics","2024-09-17 00:00:00","3224.353672297","Germany","939","West"
"627","Electronics","2024-09-18 00:00:00","12878.842347668","Germany","951","West"
"628","Furniture","2024-09-19 00:00:00","18036.092187734","Japan","752","South"
"629","Textiles","2024-09-20 00:00:00","12349.196075011","USA","690","North"
"630","Textiles","2024-09-21 00:00:00","13739.783083296","Germany","335","West"
"631","Electronics","2024-09-22 00:00:00","16768.958136424","USA","517","North"
"632","Automobiles","2024-09-23 00:00:00","16927.915075017","India","","West"
"633","Electronics","2024-09-24 00:00:00","11842.422513321","China","773","East"
"634","Electronics","2024-09-25 00:00:00","11686.658486019","Germany","539","South"
"635","Machinery","2024-09-26 00:00:00","4799.846286735","USA","594","South"
"636","Electronics","2024-09-27 00:00:00","19789.149695735","Germany","575","South"
"637","Machinery","2024-09-28 00:00:00","12554.689661076","Germany","227","East"
"638","Electronics","2024-09-29 00:00:00","3950.5152560174","Germany","594","North"
"639","Textiles","2024-09-30 00:00:00","17591.421352","USA","908","West"
"640","Textiles","2024-10-01 00:00:00","17211.582445632","Japan","535","West"
"641","Automobiles","2024-10-02 00:00:00","14244.373652735","USA","484","North"
"642","Electronics","2024-10-03 00:00:00","17347.322629712","India","171","North"
"643","Textiles","2024-10-04 00:00:00","15201.295279039","USA","376","East"
"644","Machinery","2024-10-05 00:00:00","17728.702534504","China","203","West"
"645","Furniture","2024-10-06 00:00:00","12992.117277208","India","","East"
"646","Furniture","2024-10-07 00:00:00","13672.530474738","China","982","East"
"647","Automobiles","2024-10-08 00:00:00","2562.6806343443","USA","846","South"
"648","Textiles","2024-10-09 00:00:00","3970.4764568117","Germany","651","South"
"649","Furniture","2024-10-10 00:00:00","4980.3645433126","USA","568","South"
"650","Furniture","2024-10-11 00:00:00","16584.21362876","Germany","740","East"
"651","Furniture","2024-10-12 00:00:00","15317.393459169","Japan","508","West"
"652","Furniture","2024-10-13 00:00:00","16264.718736987","China","810","South"
"653","Machinery","2024-10-14 00:00:00","17039.266813447","China","771","West"
"654","Electronics","2024-10-15 00:00:00","16085.553282837","China","174","North"
"655","Furniture","2024-10-16 00:00:00","17871.61018122","Germany","723","North"
"656","Machinery","2024-10-17 00:00:00","13235.756471607","Germany","373","West"
"657","Furniture","2024-10-18 00:00:00","17169.605896277","Germany","584","East"
"658","Automobiles","2024-10-19 00:00:00","1943.230543333","India","856","East"
"659","Furniture","2024-10-20 00:00:00","14799.888892379","China","","North"
"660","Electronics","2024-10-21 00:00:00","9154.5397397457","India","885","North"
"661","Furniture","2024-10-22 00:00:00","6522.89359288","India","338","North"
"662","Electronics","2024-10-23 00:00:00","7300.688817359","USA","669","West"
"663","Automobiles","2024-10-24 00:00:00","9100.8938626539","USA","889","East"
"664","Automobiles","2024-10-25 00:00:00","14528.65647907","Japan","","South"
"665","Automobiles","2024-10-26 00:00:00","15023.45395665","Germany","478","West"
"666","Textiles","2024-10-27 00:00:00","8292.7806623868","USA","325","South"
"667","Machinery","2024-10-28 00:00:00","2600.4242422245","Germany","965","West"
"668","Electronics","2024-10-29 00:00:00","8329.0158142275","China","305","West"
"669","Automobiles","2024-10-30 00:00:00","8256.2478252254","China","971","North"
"670","Machinery","2024-10-31 00:00:00","9082.1589605788","India","287","West"
"671","Machinery","2024-11-01 00:00:00","16349.434307933","India","388","West"
"672","Textiles","2024-11-02 00:00:00","16501.509567124","India","496","South"
"673","Furniture","2024-11-03 00:00:00","9867.5719996932","China","765","South"
"674","Textiles","2024-11-04 00:00:00","","Japan","337","North"
"675","Machinery","2024-11-05 00:00:00","18569.989905921","USA","","North"
"676","Electronics","2024-11-06 00:00:00","","USA","386","West"
"677","Machinery","2024-11-07 00:00:00","12212.308518563","USA","100","East"
"678","Furniture","2024-11-08 00:00:00","12011.258635284","Japan","692","East"
"679","Automobiles","2024-11-09 00:00:00","12989.908586539","Japan","725","North"
"680","Furniture","2024-11-10 00:00:00","3255.0427443648","Japan","730","South"
"681","Automobiles","2024-11-11 00:00:00","10683.934870309","USA","967","West"
"682","Furniture","2024-11-12 00:00:00","15304.175486055","USA","319","East"
"683","Electronics","2024-11-13 00:00:00","","Germany","730","South"
"684","Automobiles","2024-11-14 00:00:00","7214.668320627","Germany","155","West"
"685","Automobiles","2024-11-15 00:00:00","14303.475784073","Japan","922","North"
"686","Furniture","2024-11-16 00:00:00","18413.628380705","India","699","South"
"687","Textiles","2024-11-17 00:00:00","11381.920284662","Japan","990","North"
"688","Furniture","2024-11-18 00:00:00","4195.1034351009","USA","238","North"
"689","Machinery","2024-11-19 00:00:00","11019.424513707","USA","155","North"
"690","Machinery","2024-11-20 00:00:00","9138.3181443762","USA","","East"
"691","Machinery","2024-11-21 00:00:00","18893.158286091","Germany","687","West"
"692","Machinery","2024-11-22 00:00:00","15979.864621168","Germany","594","North"
"693","Machinery","2024-11-23 00:00:00","8139.3850183236","Japan","949","N/A"
"694","Automobiles","2024-11-24 00:00:00","7233.3495582126","India","","South"
"695","Automobiles","2024-11-25 00:00:00","4098.7756208719","USA","617","West"
"696","Automobiles","2024-11-26 00:00:00","16661.169392493","China","","North"
"697","Furniture","2024-11-27 00:00:00","12095.230323744","USA","","West"
"698","Furniture","2024-11-28 00:00:00","8760.7911235801","China","208","West"
"699","Machinery","2024-11-29 00:00:00","","India","338","West"
"700","Automobiles","2024-11-30 00:00:00","5006.1266284631","China","673","South"
"701","Automobiles","2024-12-01 00:00:00","4858.4112427046","Japan","189","South"
"702","Automobiles","2024-12-02 00:00:00","15168.667277743","India","756","South"
"703","Automobiles","2024-12-03 00:00:00","10180.429938479","Germany","843","West"
"704","Automobiles","2024-12-04 00:00:00","1835.3346233631","Germany","390","North"
"705","Textiles","2024-12-05 00:00:00","11319.468425322","India","989","West"
"706","Automobiles","2024-12-06 00:00:00","5599.5932259957","USA","671","West"
"707","Machinery","2024-12-07 00:00:00","19773.903404727","Germany","700","East"
"708","Textiles","2024-12-08 00:00:00","10266.687112096","China","","East"
"709","Furniture","2024-12-09 00:00:00","17478.926924315","China","358","East"
"710","Electronics","2024-12-10 00:00:00","9206.2223958384","India","962","East"
"711","Electronics","2024-12-11 00:00:00","7126.9445384856","China","522","North"
"712","Furniture","2024-12-12 00:00:00","5521.7186362199","USA","757","North"
"713","Electronics","2024-12-13 00:00:00","12446.148044053","India","691","East"
"714","Electronics","2024-12-14 00:00:00","3507.4647495842","USA","280","West"
"715","Furniture","2024-12-15 00:00:00","7476.3451210575","Japan","458","West"
"716","Automobiles","2024-12-16 00:00:00","1751.2341331708","Germany","814","West"
"717","Furniture","2024-12-17 00:00:00","1387.0337914257","India","601","South"
"718","Electronics","2024-12-18 00:00:00","16129.740051247","USA","934","East"
"719","Machinery","2024-12-19 00:00:00","14511.836916243","India","707","North"
"720","Textiles","2024-12-20 00:00:00","","Japan","106","East"
"721","Furniture","2024-12-21 00:00:00","14638.442824836","India","421","West"
"722","Electronics","2024-12-22 00:00:00","14764.437486714","Germany","697","South"
"723","Machinery","2024-12-23 00:00:00","9561.3764697801","India","219","North"
"724","Textiles","2024-12-24 00:00:00","14368.608049428","USA","","East"
"725","Automobiles","2024-12-25 00:00:00","18151.595101919","India","337","West"
"726","Machinery","2024-12-26 00:00:00","2781.206816934","China","","South"
"727","Machinery","2024-12-27 00:00:00","3344.1885524171","Germany","624","North"
"728","Furniture","2024-12-28 00:00:00","9464.4508126076","Japan","488","North"
"729","Furniture","2024-12-29 00:00:00","2990.1310961878","China","271","East"
"730","Automobiles","2024-12-30 00:00:00","1827.4054122361","Japan","359","West"
"731","Textiles","2024-12-31 00:00:00","2191.5211494067","USA","540","West"
"732","Textiles","2025-01-01 00:00:00","5025.8738471836","Germany","112","North"
"733","Furniture","2025-01-02 00:00:00","13296.019070684","Japan","665","West"
"734","Automobiles","2025-01-03 00:00:00","7749.33936761","Japan","867","West"
"735","Machinery","2025-01-04 00:00:00","5746.1079468985","Germany","297","North"
"736","Textiles","2025-01-05 00:00:00","9410.3512501141","Japan","139","West"
"737","Machinery","2025-01-06 00:00:00","6207.4400717329","Germany","483","South"
"738","Automobiles","2025-01-07 00:00:00","","India","789","East"
"739","Textiles","2025-01-08 00:00:00","2241.21533317","Japan","347","West"
"740","Automobiles","2025-01-09 00:00:00","11960.32168655","India","710","West"
"741","Textiles","2025-01-10 00:00:00","16680.596242255","Japan","909","West"
"742","Furniture","2025-01-11 00:00:00","11049.932303893","India","129","West"
"743","Furniture","2025-01-12 00:00:00","4720.1720786332","China","890","East"
"744","Furniture","2025-01-13 00:00:00","2796.0187576103","India","128","East"
"745","Electronics","2025-01-14 00:00:00","4537.5912716564","Germany","941","South"
"746","Textiles","2025-01-15 00:00:00","1731.6991871756","Germany","314","East"
"747","Furniture","2025-01-16 00:00:00","6731.778679938","India","250","North"
"748","Automobiles","2025-01-17 00:00:00","13395.188514165","India","772","East"
"749","Electronics","2025-01-18 00:00:00","2035.1892606183","USA","471","East"
"750","Electronics","2025-01-19 00:00:00","4762.419069583","Germany","420","West"
"751","Furniture","2025-01-20 00:00:00","3227.2193724545","Japan","974","West"
"752","Machinery","2025-01-21 00:00:00","8984.5091611998","Germany","406","North"
"753","Furniture","2025-01-22 00:00:00","14929.80313517","Germany","473","East"
"754","Furniture","2025-01-23 00:00:00","15263.345266678","Japan","700","North"
"755","Electronics","2025-01-24 00:00:00","8685.3355014659","USA","269","North"
"756","Electronics","2025-01-25 00:00:00","13622.694240572","USA","109","East"
"757","Electronics","2025-01-26 00:00:00","9858.2784372986","Germany","522","East"
"758","Textiles","2025-01-27 00:00:00","2545.6556805855","India","307","North"
"759","Furniture","2025-01-28 00:00:00","7849.0344091341","China","989","West"
"760","Textiles","2025-01-29 00:00:00","6339.3120474114","China","420","East"
"761","Furniture","2025-01-30 00:00:00","3889.9049314244","India","187","West"
"762","Furniture","2025-01-31 00:00:00","9883.6774267618","China","961","North"
"763","Electronics","2025-02-01 00:00:00","1851.9352260555","Japan","110","East"
"764","Automobiles","2025-02-02 00:00:00","11067.177370619","USA","971","East"
"765","Machinery","2025-02-03 00:00:00","15202.850626686","China","543","North"
"766","Textiles","2025-02-04 00:00:00","1480.54765512","Japan","224","South"
"767","Automobiles","2025-02-05 00:00:00","18588.325452425","Japan","755","South"
"768","Automobiles","2025-02-06 00:00:00","13547.261465244","Japan","212","West"
"769","Electronics","2025-02-07 00:00:00","","India","175","East"
"770","Machinery","2025-02-08 00:00:00","3647.5889924631","Japan","783","South"
"771","Furniture","2025-02-09 00:00:00","4580.3235292229","Japan","998","North"
"772","Machinery","2025-02-10 00:00:00","6877.4230374436","China","510","East"
"773","Furniture","2025-02-11 00:00:00","9025.6051513452","Japan","","East"
"774","Machinery","2025-02-12 00:00:00","","China","996","East"
"775","Electronics","2025-02-13 00:00:00","12279.658897757","Germany","151","West"
"776","Electronics","2025-02-14 00:00:00","13037.419319559","China","736","South"
"777","Textiles","2025-02-15 00:00:00","4772.724400086","India","277","North"
"778","Furniture","2025-02-16 00:00:00","12801.265903954","China","418","South"
"779","Automobiles","2025-02-17 00:00:00","","USA","142","South"
"780","Electronics","2025-02-18 00:00:00","3444.6074883954","China","285","West"
"781","Textiles","2025-02-19 00:00:00","7718.349194753","Germany","859","-999"
"782","Automobiles","2025-02-20 00:00:00","5439.8836101467","Germany","222","North"
"783","Automobiles","2025-02-21 00:00:00","6856.0465503349","India","696","South"
"784","Furniture","2025-02-22 00:00:00","1628.0733699314","China","548","West"
"785","Electronics","2025-02-23 00:00:00","6182.4439340504","India","257","North"
"786","Automobiles","2025-02-24 00:00:00","9776.3494904667","China","","West"
"787","Electronics","2025-02-25 00:00:00","13113.04786008","Germany","586","South"
"788","Textiles","2025-02-26 00:00:00","4299.8926597685","Germany","860","North"
"789","Textiles","2025-02-27 00:00:00","","Germany","527","North"
"790","Machinery","2025-02-28 00:00:00","18395.427433069","Japan","627","South"
"791","Machinery","2025-03-01 00:00:00","5763.5903759374","India","141","East"
"792","Automobiles","2025-03-02 00:00:00","8146.7541150764","India","452","West"
"793","Electronics","2025-03-03 00:00:00","17392.645231284","USA","799","South"
"794","Textiles","2025-03-04 00:00:00","14595.376592106","USA","384","South"
"795","Furniture","2025-03-05 00:00:00","16407.637340106","China","983","South"
"796","Furniture","2025-03-06 00:00:00","1897.2721482461","USA","628","West"
"797","Automobiles","2025-03-07 00:00:00","9618.7835529105","Germany","101","East"
"798","Automobiles","2025-03-08 00:00:00","8391.4772382416","Germany","593","South"
"799","Machinery","2025-03-09 00:00:00","1610.3577682247","India","458","East"
"800","Automobiles","2025-03-10 00:00:00","16486.323553156","China","244","South"
"801","Textiles","2025-03-11 00:00:00","5535.5064690827","USA","784","South"
"802","Furniture","2025-03-12 00:00:00","12776.921700227","Japan","336","South"
"803","Furniture","2025-03-13 00:00:00","","India","255","North"
"804","Electronics","2025-03-14 00:00:00","17501.337701844","USA","503","South"
"805","Textiles","2025-03-15 00:00:00","13590.42158118","USA","355","East"
"806","Textiles","2025-03-16 00:00:00","18553.772900556","Germany","249","North"
"807","Automobiles","2025-03-17 00:00:00","14009.990650267","India","223","West"
"808","Furniture","2025-03-18 00:00:00","11712.041748265","Japan","183","North"
"809","Electronics","2025-03-19 00:00:00","19131.823388286","India","244","West"
"810","Electronics","2025-03-20 00:00:00","19280.161807561","Germany","619","South"
"811","Electronics","2025-03-21 00:00:00","19742.034855863","USA","864","North"
"812","Electronics","2025-03-22 00:00:00","19232.434097256","China","457","North"
"813","Electronics","2025-03-23 00:00:00","1331.2654554272","India","216","South"
"814","Textiles","2025-03-24 00:00:00","10879.085906165","Japan","818","North"
"815","Furniture","2025-03-25 00:00:00","4986.925133798","USA","312","West"
"816","Furniture","2025-03-26 00:00:00","11417.031743271","China","711","East"
"817","Machinery","2025-03-27 00:00:00","17811.707949663","USA","275","West"
"818","Electronics","2025-03-28 00:00:00","2655.4969311915","Japan","932","West"
"819","Furniture","2025-03-29 00:00:00","1973.4426052894","Germany","401","West"
"820","Machinery","2025-03-30 00:00:00","3416.8755653573","India","334","North"
"821","Machinery","2025-03-31 00:00:00","8784.3859984927","Germany","","East"
"822","Electronics","2025-04-01 00:00:00","13293.827368342","India","383","East"
"823","Textiles","2025-04-02 00:00:00","13929.29365878","China","471","West"
"824","Electronics","2025-04-03 00:00:00","7467.7882963189","China","260","South"
"825","Textiles","2025-04-04 00:00:00","15191.450512132","India","118","West"
"826","Electronics","2025-04-05 00:00:00","13664.338963593","India","240","North"
"827","Machinery","2025-04-06 00:00:00","5000.2097643199","Germany","698","South"
"828","Electronics","2025-04-07 00:00:00","6290.7772185635","Japan","329","West"
"829","Automobiles","2025-04-08 00:00:00","3937.8858073195","USA","491","West"
"830","Electronics","2025-04-09 00:00:00","","China","584","East"
"831","Furniture","2025-04-10 00:00:00","9407.059725177","Japan","541","South"
"832","Furniture","2025-04-11 00:00:00","12117.554263527","Germany","421","West"
"833","Electronics","2025-04-12 00:00:00","4868.6144953949","Germany","761","North"
"834","Textiles","2025-04-13 00:00:00","16014.755751693","China","695","East"
"835","Machinery","2025-04-14 00:00:00","13046.276568944","Germany","700","East"
"836","Electronics","2025-04-15 00:00:00","1651.9603371069","Japan","564","East"
"837","Textiles","2025-04-16 00:00:00","17914.364534433","China","975","North"
"838","Electronics","2025-04-17 00:00:00","2472.6104224748","Japan","238","North"
"839","Automobiles","2025-04-18 00:00:00","","Japan","227","East"
"840","Machinery","2025-04-19 00:00:00","7874.4956887547","USA","152","North"
"841","Automobiles","2025-04-20 00:00:00","8853.5003137301","India","722","North"
"842","Textiles","2025-04-21 00:00:00","5828.9087743936","USA","580","South"
"843","Textiles","2025-04-22 00:00:00","9176.2424728789","Germany","668","North"
"844","Textiles","2025-04-23 00:00:00","12762.764348412","China","445","East"
"845","Furniture","2025-04-24 00:00:00","3335.7288461018","China","299","North"
"846","Furniture","2025-04-25 00:00:00","1998.3746140855","China","408","North"
"847","Textiles","2025-04-26 00:00:00","5275.6824555916","China","315","West"
"848","Furniture","2025-04-27 00:00:00","1804.7023559359","USA","406","West"
"849","Machinery","2025-04-28 00:00:00","4067.2821825524","Germany","537","North"
"850","Machinery","2025-04-29 00:00:00","9442.6682408991","Germany","531","South"
"851","Automobiles","2025-04-30 00:00:00","12969.034587589","India","485","West"
"852","Machinery","2025-05-01 00:00:00","13128.690745134","India","531","West"
"853","Machinery","2025-05-02 00:00:00","8117.7433321185","USA","258","South"
"854","Textiles","2025-05-03 00:00:00","14004.549745912","China","246","East"
"855","Machinery","2025-05-04 00:00:00","2196.5130330394","China","747","West"
"856","Textiles","2025-05-05 00:00:00","6051.5837950793","Germany","911","East"
"857","Textiles","2025-05-06 00:00:00","3334.579154759","Japan","360","East"
"858","Textiles","2025-05-07 00:00:00","18900.252569915","Japan","957","North"
"859","Textiles","2025-05-08 00:00:00","2716.8237018625","Germany","","East"
"860","Textiles","2025-05-09 00:00:00","13486.324770483","USA","330","North"
"861","Furniture","2025-05-10 00:00:00","10718.375445529","Germany","118","West"
"862","Furniture","2025-05-11 00:00:00","13381.104328477","China","373","West"
"863","Machinery","2025-05-12 00:00:00","12263.553801121","China","110","East"
"864","Machinery","2025-05-13 00:00:00","7943.4546658023","USA","256","North"
"865","Machinery","2025-05-14 00:00:00","1011.4212666861","India","464","East"
"866","Textiles","2025-05-15 00:00:00","11564.726805457","Germany","602","East"
"867","Furniture","2025-05-16 00:00:00","18965.390490304","Germany","607","East"
"868","Electronics","2025-05-17 00:00:00","9518.2252024081","Japan","712","North"
"869","Textiles","2025-05-18 00:00:00","","USA","642","*^$$"
"870","Machinery","2025-05-19 00:00:00","4884.7924533795","Germany","179","North"
"871","Automobiles","2025-05-20 00:00:00","12841.906648224","USA","853","South"
"872","Textiles","2025-05-21 00:00:00","4118.826587081","India","220","North"
"873","Electronics","2025-05-22 00:00:00","15063.245998194","Germany","809","North"
"874","Furniture","2025-05-23 00:00:00","13485.529885467","Germany","702","North"
"875","Automobiles","2025-05-24 00:00:00","8809.5628484003","Japan","878","North"
"876","Machinery","2025-05-25 00:00:00","15769.757153922","USA","325","North"
"877","Electronics","2025-05-26 00:00:00","8881.9524837822","India","773","South"
"878","Furniture","2025-05-27 00:00:00","6377.6909411298","India","802","West"
"879","Electronics","2025-05-28 00:00:00","3063.0427863952","India","411","North"
"880","Electronics","2025-05-29 00:00:00","10984.813028942","China","969","East"
"881","Electronics","2025-05-30 00:00:00","15241.215272904","USA","194","West"
"882","Furniture","2025-05-31 00:00:00","5553.3576441687","Japan","145","East"
"883","Machinery","2025-06-01 00:00:00","13934.568965038","Japan","527","East"
"884","Textiles","2025-06-02 00:00:00","18113.736385153","India","927","South"
"885","Electronics","2025-06-03 00:00:00","2317.0624864282","China","603","East"
"886","Electronics","2025-06-04 00:00:00","16749.545389281","Germany","973","North"
"887","Textiles","2025-06-05 00:00:00","16998.333701352","China","634","West"
"888","Electronics","2025-06-06 00:00:00","10328.395731924","Japan","874","South"
"889","Machinery","2025-06-07 00:00:00","13498.811481271","China","506","North"
"890","Automobiles","2025-06-08 00:00:00","19731.363671911","Germany","759","South"
"891","Machinery","2025-06-09 00:00:00","1859.6865116367","China","550","South"
"892","Electronics","2025-06-10 00:00:00","2358.3672408571","Japan","560","South"
"893","Machinery","2025-06-11 00:00:00","","Japan","306","North"
"894","Textiles","2025-06-12 00:00:00","9109.9114856791","China","824","West"
"895","Machinery","2025-06-13 00:00:00","1646.1095602816","Japan","909","West"
"896","Textiles","2025-06-14 00:00:00","","Germany","811","South"
"897","Machinery","2025-06-15 00:00:00","9260.4067229862","China","106","North"
"898","Textiles","2025-06-16 00:00:00","14352.896451181","Germany","334","South"
"899","Furniture","2025-06-17 00:00:00","","China","682","West"
"900","Machinery","2025-06-18 00:00:00","8668.4762487091","Japan","473","North"
"901","Textiles","2025-06-19 00:00:00","","Germany","112","East"
"902","Machinery","2025-06-20 00:00:00","14122.113501129","Germany","143","South"
"903","Machinery","2025-06-21 00:00:00","5844.051027371","India","452","North"
"904","Automobiles","2025-06-22 00:00:00","8802.8880161425","USA","719","West"
"905","Electronics","2025-06-23 00:00:00","8958.1421310009","China","736","East"
"906","Automobiles","2025-06-24 00:00:00","","Germany","","East"
"907","Automobiles","2025-06-25 00:00:00","11900.295827884","Japan","","North"
"908","Furniture","2025-06-26 00:00:00","12300.958662789","China","444","West"
"909","Machinery","2025-06-27 00:00:00","6920.4980021681","India","242","West"
"910","Electronics","2025-06-28 00:00:00","18032.091473064","USA","344","South"
"911","Furniture","2025-06-29 00:00:00","15206.253045938","China","460","South"
"912","Textiles","2025-06-30 00:00:00","14783.668269821","USA","227","East"
"913","Textiles","2025-07-01 00:00:00","3473.7982153502","Japan","907","North"
"914","Furniture","2025-07-02 00:00:00","9144.4375649339","China","881","North"
"915","Furniture","2025-07-03 00:00:00","9062.9013227109","India","","East"
"916","Furniture","2025-07-04 00:00:00","2713.2325681229","Japan","265","South"
"917","Machinery","2025-07-05 00:00:00","8118.6460736427","Japan","566","North"
"918","Electronics","2025-07-06 00:00:00","10647.823390684","Germany","766","West"
"919","Machinery","2025-07-07 00:00:00","19863.173302255","Germany","630","South"
"920","Textiles","2025-07-08 00:00:00","18891.430918673","China","385","-999"
"921","Textiles","2025-07-09 00:00:00","7548.4063190543","Japan","598","South"
"922","Furniture","2025-07-10 00:00:00","9025.9793565659","India","945","East"
"923","Automobiles","2025-07-11 00:00:00","15705.415345866","Japan","966","North"
"924","Textiles","2025-07-12 00:00:00","3444.7039214923","Japan","547","South"
"925","Machinery","2025-07-13 00:00:00","11311.140289919","India","698","West"
"926","Machinery","2025-07-14 00:00:00","1579.0636905497","Germany","329","South"
"927","Electronics","2025-07-15 00:00:00","9921.8609921666","Japan","","North"
"928","Automobiles","2025-07-16 00:00:00","","USA","931","South"
"929","Textiles","2025-07-17 00:00:00","3454.4932707472","China","896","South"
"930","Furniture","2025-07-18 00:00:00","5137.7146512636","China","384","East"
"931","Textiles","2025-07-19 00:00:00","11391.144392516","China","987","North"
"932","Electronics","2025-07-20 00:00:00","","Germany","562","North"
"933","Automobiles","2025-07-21 00:00:00","15869.264625291","China","627","East"
"934","Electronics","2025-07-22 00:00:00","3759.084391836","Japan","963","East"
"935","Furniture","2025-07-23 00:00:00","4528.1652634971","USA","316","East"
"936","Furniture","2025-07-24 00:00:00","3459.6988734451","USA","146","South"
"937","Machinery","2025-07-25 00:00:00","7262.8854678694","Japan","","East"
"938","Textiles","2025-07-26 00:00:00","17157.338667524","India","625","North"
"939","Furniture","2025-07-27 00:00:00","15667.320396848","India","292","West"
"940","Automobiles","2025-07-28 00:00:00","10174.63356684","China","136","West"
"941","Textiles","2025-07-29 00:00:00","14922.068281891","Germany","124","North"
"942","Electronics","2025-07-30 00:00:00","19334.819051326","USA","478","South"
"943","Textiles","2025-07-31 00:00:00","3677.5224993017","USA","893","East"
"944","Machinery","2025-08-01 00:00:00","1402.134865003","India","","East"
"945","Electronics","2025-08-02 00:00:00","17300.469837784","Germany","859","South"
"946","Machinery","2025-08-03 00:00:00","9872.1727314092","India","267","West"
"947","Furniture","2025-08-04 00:00:00","3201.0924473801","India","654","South"
"948","Electronics","2025-08-05 00:00:00","12233.886152048","China","303","East"
"949","Electronics","2025-08-06 00:00:00","10799.597801854","Germany","234","South"
"950","Furniture","2025-08-07 00:00:00","17250.598219443","USA","240","East"
"951","Textiles","2025-08-08 00:00:00","17636.197515313","China","392","North"
"952","Electronics","2025-08-09 00:00:00","10365.593348218","Japan","702","North"
"953","Automobiles","2025-08-10 00:00:00","11803.256549177","Japan","408","West"
"954","Electronics","2025-08-11 00:00:00","16838.446451801","USA","991","West"
"955","Machinery","2025-08-12 00:00:00","16574.894076857","USA","538","North"
"956","Machinery","2025-08-13 00:00:00","6504.6611300513","India","837","East"
"957","Machinery","2025-08-14 00:00:00","5349.9381871412","Germany","832","North"
"958","Electronics","2025-08-15 00:00:00","16179.55886529","USA","825","East"
"959","Textiles","2025-08-16 00:00:00","","India","260","South"
"960","Electronics","2025-08-17 00:00:00","7299.1170897145","India","955","North"
"961","Machinery","2025-08-18 00:00:00","","USA","832","North"
"962","Machinery","2025-08-19 00:00:00","4564.9954505192","India","482","East"
"963","Electronics","2025-08-20 00:00:00","3110.4967466022","Japan","207","South"
"964","Electronics","2025-08-21 00:00:00","10741.818224393","USA","239","South"
"965","Electronics","2025-08-22 00:00:00","14972.274190833","India","661","East"
"966","Textiles","2025-08-23 00:00:00","8084.1922518132","Germany","956","North"
"967","Automobiles","2025-08-24 00:00:00","13338.908299137","Japan","599","East"
"968","Automobiles","2025-08-25 00:00:00","16096.239297774","Germany","269","North"
"969","Automobiles","2025-08-26 00:00:00","19433.673851818","India","711","West"
"970","Machinery","2025-08-27 00:00:00","2328.6290701323","China","494","East"
"971","Automobiles","2025-08-28 00:00:00","7639.1765764336","USA","555","East"
"972","Automobiles","2025-08-29 00:00:00","15231.176656163","Germany","264","East"
"973","Furniture","2025-08-30 00:00:00","10954.475536133","USA","868","East"
"974","Textiles","2025-08-31 00:00:00","13391.84683488","Germany","287","West"
"975","Textiles","2025-09-01 00:00:00","5812.6505773842","India","136","South"
"976","Automobiles","2025-09-02 00:00:00","18664.429656684","Germany","404","North"
"977","Automobiles","2025-09-03 00:00:00","12478.084901581","USA","323","South"
"978","Automobiles","2025-09-04 00:00:00","9790.8066379036","Germany","170","South"
"979","Furniture","2025-09-05 00:00:00","2698.6379655867","USA","689","West"
"980","Machinery","2025-09-06 00:00:00","19736.277104133","USA","102","South"
"981","Furniture","2025-09-07 00:00:00","6029.4486484511","Japan","377","North"
"982","Furniture","2025-09-08 00:00:00","10283.301982748","China","813","East"
"983","Machinery","2025-09-09 00:00:00","8298.1695972369","China","560","North"
"984","Machinery","2025-09-10 00:00:00","2473.098624317","China","","North"
"985","Electronics","2025-09-11 00:00:00","13042.713859699","Japan","702","North"
"986","Furniture","2025-09-12 00:00:00","","India","842","North"
"987","Furniture","2025-09-13 00:00:00","15591.095299113","USA","109","East"
"988","Textiles","2025-09-14 00:00:00","16194.589743391","USA","118","West"
"989","Textiles","2025-09-15 00:00:00","14618.58105658","India","489","East"
"990","Textiles","2025-09-16 00:00:00","2577.6856085616","USA","782","South"
"991","Automobiles","2025-09-17 00:00:00","8199.0592981858","USA","831","North"
"992","Electronics","2025-09-18 00:00:00","13465.835273414","India","694","East"
"993","Electronics","2025-09-19 00:00:00","","USA","505","West"
"994","Machinery","2025-09-20 00:00:00","18799.955690554","China","559","East"
"995","Textiles","2025-09-21 00:00:00","18774.332269398","Germany","260","*^$$"
"996","Electronics","2025-09-22 00:00:00","","Germany","764","South"
"997","Electronics","2025-09-23 00:00:00","9692.5850702466","China","383","North"
"998","Machinery","2025-09-24 00:00:00","","India","425","South"
"999","Automobiles","2025-09-25 00:00:00","13387.38459377","India","296","South"
"1000","Textiles","2025-09-26 00:00:00","1739.3550361657","Germany","293","North"
